origin,stratification,stratum,weighting,n,country_count,population,population_coverage_fraction,matched_train_n,training_precedes_origin,test_rows_identical,city_direct_observation_status,source_scope,evaluation_status,beta,baseline_mae,augmented_mae,mae_delta_augmented_minus_baseline,baseline_rmse,augmented_rmse,rmse_delta_augmented_minus_baseline,augmented_improves_mae,augmented_improves_rmse
1985,admin_level,admin_0,country_balanced,1,1,77431.0,4.892509025287809e-05,1,True,True,unresolved,country_input_proxy,evaluated,0.7708254042975683,0.02094355072196927,0.012691266066255737,-0.008252284655713534,0.02094355072196927,0.012691266066255737,-0.008252284655713534,True,True
1985,admin_level,admin_0,row_weighted,1,1,77431.0,4.892509025287809e-05,1,True,True,unresolved,country_input_proxy,evaluated,0.7708254042975683,0.02094355072196927,0.012691266066255737,-0.008252284655713534,0.02094355072196927,0.012691266066255737,-0.008252284655713534,True,True
1985,admin_level,admin_1,country_balanced,66,18,17733775.0,0.011205157396898311,58,True,True,unresolved,country_input_proxy,evaluated,0.6756884062858033,0.02388592666433929,0.01355202073366282,-0.01033390593067647,0.033235553559340325,0.017824538153824555,-0.01541101540551577,True,True
1985,admin_level,admin_1,row_weighted,66,18,17733775.0,0.011205157396898311,58,True,True,unresolved,country_input_proxy,evaluated,0.6942834437693989,0.01715621861099155,0.010314499748880534,-0.006841718862111016,0.02485882644733572,0.013365774379794956,-0.011493052067540765,True,True
1985,admin_level,admin_2,country_balanced,1313,68,388151203.0,0.2452549061556509,1197,True,True,unresolved,country_input_proxy,evaluated,0.45911122397591414,0.019010895309448644,0.013562839701620078,-0.0054480556078285655,0.02898064373593116,0.020847771388765493,-0.008132872347165667,True,True
1985,admin_level,admin_2,row_weighted,1313,68,388151203.0,0.2452549061556509,1197,True,True,unresolved,country_input_proxy,evaluated,0.566712751870651,0.015914065991270602,0.011974577095325881,-0.003939488895944721,0.02402367364999066,0.019421404113888725,-0.004602269536101936,True,True
1985,admin_level,admin_3,country_balanced,2453,59,656268413.0,0.4146658487703642,2251,True,True,unresolved,country_input_proxy,evaluated,0.5343641737772422,0.021175491278063452,0.01433283902468896,-0.006842652253374493,0.031222022601595546,0.022291328173387012,-0.008930694428208534,True,True
1985,admin_level,admin_3,row_weighted,2453,59,656268413.0,0.4146658487703642,2251,True,True,unresolved,country_input_proxy,evaluated,0.47454730092029646,0.013452702685089458,0.009816543408579584,-0.003636159276509874,0.020816817580959917,0.017064370409432376,-0.003752447171527541,True,True
1985,admin_level,admin_4,country_balanced,1822,17,334276388.0,0.21121388658684628,1697,True,True,unresolved,country_input_proxy,evaluated,0.924437782527674,0.021799915322992042,0.01050851166016905,-0.011291403662822993,0.04045565607004462,0.02084861329106852,-0.019607042778976104,True,True
1985,admin_level,admin_4,row_weighted,1822,17,334276388.0,0.21121388658684628,1697,True,True,unresolved,country_input_proxy,evaluated,0.5428950826189859,0.013397458362085812,0.009246818951597752,-0.00415063941048806,0.02177714157226145,0.016638257637760143,-0.0051388839345013065,True,True
1985,admin_level,admin_5,country_balanced,344,8,145970400.0,0.09223198711431747,297,True,True,unresolved,country_input_proxy,evaluated,0.3936407632543124,0.019277260692392887,0.013971820841323354,-0.005305439851069533,0.02816155971638416,0.023145307068382328,-0.005016252648001832,True,True
1985,admin_level,admin_5,row_weighted,344,8,145970400.0,0.09223198711431747,297,True,True,unresolved,country_input_proxy,evaluated,0.2745935792607025,0.017613720920880493,0.013715814995287623,-0.00389790592559287,0.02610957780487616,0.021345584947578246,-0.004763992857297915,True,True
1985,admin_level,admin_6,country_balanced,148,3,40166379.0,0.025379288885669916,137,True,True,unresolved,country_input_proxy,evaluated,0.1561494382196021,0.009640691090609119,0.00940581383899784,-0.00023487725161127834,0.013292314153442772,0.013085620029368923,-0.00020669412407384874,True,True
1985,admin_level,admin_6,row_weighted,148,3,40166379.0,0.025379288885669916,137,True,True,unresolved,country_input_proxy,evaluated,0.11118790665703661,0.006143591548276496,0.0058101492888739765,-0.0003334422594025192,0.010722248550563005,0.010180216492192744,-0.0005420320583702613,True,True
1985,process_type,census,country_balanced,5510,145,1420293907.0,0.8974184446227976,5063,True,True,unresolved,country_input_proxy,evaluated,0.5124466619758167,0.02142766395921113,0.01405370159753006,-0.00737396236168107,0.03217192740977641,0.021709353789509483,-0.010462573620266927,True,True
1985,process_type,census,row_weighted,5510,145,1420293907.0,0.8974184446227976,5063,True,True,unresolved,country_input_proxy,evaluated,0.4714581930205151,0.014279173040515349,0.010445032946625712,-0.003834140093889637,0.02230663302392506,0.017919189364562552,-0.004387443659362507,True,True
1985,process_type,estimate,country_balanced,371,18,95530026.0,0.06036103297012554,330,True,True,unresolved,country_input_proxy,evaluated,0.8283847570190128,0.018605301323354223,0.01387699360221157,-0.004728307721142654,0.030577944292135156,0.02031037737386303,-0.010267566918272127,True,True
1985,process_type,estimate,row_weighted,371,18,95530026.0,0.06036103297012554,330,True,True,unresolved,country_input_proxy,evaluated,0.6785589587344676,0.012066845309605613,0.008142525873194622,-0.0039243194364109914,0.01923651111185956,0.013552007132163842,-0.005684503979695719,True,True
1985,process_type,register,country_balanced,266,11,66820056.0,0.042220522407076855,245,True,True,unresolved,country_input_proxy,evaluated,0.3957138602498342,0.00952882895674302,0.008192775848129913,-0.0013360531086131066,0.015768558238909894,0.013977362048632374,-0.0017911961902775195,True,True
1985,process_type,register,row_weighted,266,11,66820056.0,0.042220522407076855,245,True,True,unresolved,country_input_proxy,evaluated,0.5730029949945006,0.012298495979906196,0.010044144931831676,-0.00225435104807452,0.019252868683430232,0.016001235045590142,-0.00325163363784009,True,True
1985,recency,post_origin_input,country_balanced,6147,174,1582643989.0,1.0,5638,True,True,unresolved,country_input_proxy,evaluated,0.5190416471167018,0.020383470209368752,0.01366049097689749,-0.0067229792324712614,0.031224537795034372,0.02125985551089323,-0.00996468228414114,True,True
1985,recency,post_origin_input,row_weighted,6147,174,1582643989.0,1.0,5638,True,True,unresolved,country_input_proxy,evaluated,0.4789654516897588,0.01405993866825416,0.010292323966661666,-0.003767614701592493,0.02200900208242492,0.01761414733168178,-0.004394854750743141,True,True
1990,admin_level,admin_0,country_balanced,1,1,76047.0,4.2099781028325006e-05,2,True,True,unresolved,country_input_proxy,evaluated,1.22458629319523,0.015523548756683806,0.011909318106118586,-0.0036142306505652193,0.015523548756683806,0.011909318106118586,-0.0036142306505652193,True,True
1990,admin_level,admin_0,row_weighted,1,1,76047.0,4.2099781028325006e-05,2,True,True,unresolved,country_input_proxy,evaluated,1.22458629319523,0.015523548756683806,0.011909318106118586,-0.0036142306505652193,0.015523548756683806,0.011909318106118586,-0.0036142306505652193,True,True
1990,admin_level,admin_1,country_balanced,77,18,20217254.0,0.011192314836798663,124,True,True,unresolved,country_input_proxy,evaluated,0.6308225085917668,0.020943078487819736,0.016521134205789396,-0.004421944282030341,0.030417676296958827,0.023983222446637788,-0.006434453850321039,True,True
1990,admin_level,admin_1,row_weighted,77,18,20217254.0,0.011192314836798663,124,True,True,unresolved,country_input_proxy,evaluated,0.6361380495742677,0.016207835580363542,0.013352328265508945,-0.0028555073148545974,0.02353412474635196,0.019107165944147707,-0.004426958802204253,True,True
1990,admin_level,admin_2,country_balanced,1456,70,443127077.0,0.24531609280342045,2510,True,True,unresolved,country_input_proxy,evaluated,0.5158829428514153,0.0210914703091768,0.01822339555786203,-0.002868074751314769,0.032979079679801356,0.03611276173649595,0.003133682056694592,True,False
1990,admin_level,admin_2,row_weighted,1456,70,443127077.0,0.24531609280342045,2510,True,True,unresolved,country_input_proxy,evaluated,0.5937834110861069,0.016743081735792406,0.013554919372788925,-0.003188162363003481,0.025512147910155405,0.021842248676754866,-0.0036698992334005393,True,True
1990,admin_level,admin_3,country_balanced,2697,60,750180190.0,0.4153013495704926,4704,True,True,unresolved,country_input_proxy,evaluated,0.4646515449334859,0.0207455687400123,0.017680087145202656,-0.0030654815948096444,0.02948302833420713,0.02549219335263396,-0.003990834981573169,True,True
1990,admin_level,admin_3,row_weighted,2697,60,750180190.0,0.4153013495704926,4704,True,True,unresolved,country_input_proxy,evaluated,0.5038300776084311,0.015256795327670724,0.014985797325583809,-0.00027099800208691543,0.022305122060830615,0.021439917811794922,-0.0008652042490356927,True,True
1990,admin_level,admin_4,country_balanced,1947,17,383483239.0,0.21229713716429083,3519,True,True,unresolved,country_input_proxy,evaluated,0.9030817686899351,0.015044184041972187,0.015568520766483011,0.0005243367245108248,0.02242402320872429,0.025707683227151387,0.0032836600184270974,False,False
1990,admin_level,admin_4,row_weighted,1947,17,383483239.0,0.21229713716429083,3519,True,True,unresolved,country_input_proxy,evaluated,0.6229918781601372,0.022248358847981955,0.017156603970982107,-0.005091754876999848,0.029538755534109465,0.023866327054670212,-0.005672428479439252,True,True
1990,admin_level,admin_5,country_balanced,405,8,166135303.0,0.09197285727739986,641,True,True,unresolved,country_input_proxy,evaluated,0.4554154767538565,0.020052792717497478,0.017830150108253423,-0.002222642609244055,0.029333295432439364,0.026607194875127547,-0.002726100557311817,True,True
1990,admin_level,admin_5,row_weighted,405,8,166135303.0,0.09197285727739986,641,True,True,unresolved,country_input_proxy,evaluated,0.3716399734891066,0.01707023515399584,0.014532014214660898,-0.002538220939334942,0.027579823896148385,0.02487214293920087,-0.002707680956947515,True,True
1990,admin_level,admin_6,country_balanced,161,3,43132328.0,0.023878148566569248,285,True,True,unresolved,country_input_proxy,evaluated,0.16196279291694388,0.013948746427318104,0.013210274050407778,-0.0007384723769103263,0.022136989912589923,0.02075456523802171,-0.001382424674568214,True,True
1990,admin_level,admin_6,row_weighted,161,3,43132328.0,0.023878148566569248,285,True,True,unresolved,country_input_proxy,evaluated,0.19049773877724369,0.00981808762752817,0.009299749745613269,-0.0005183378819149011,0.017994971763442332,0.01677116667695931,-0.0012238050864830236,True,True
1990,process_type,census,country_balanced,6052,148,1623482835.0,0.8987635522340698,10573,True,True,unresolved,country_input_proxy,evaluated,0.5150733655798108,0.020433969516169558,0.01763301849937122,-0.00280095101679834,0.03072441319308198,0.030637448542141378,-8.69646509406019e-05,True,True
1990,process_type,census,row_weighted,6052,148,1623482835.0,0.8987635522340698,10573,True,True,unresolved,country_input_proxy,evaluated,0.5243698537739959,0.017978512356955998,0.015648417160912295,-0.002330095196043703,0.025897432950547177,0.02279065000178474,-0.0031067829487624356,True,True
1990,process_type,estimate,country_balanced,406,18,109278658.0,0.060496897614228266,701,True,True,unresolved,country_input_proxy,evaluated,0.8163756604695365,0.02357780706935906,0.017292900379159887,-0.006284906690199172,0.03310447435039208,0.027096607071414675,-0.006007867278977404,True,True
1990,process_type,estimate,row_weighted,406,18,109278658.0,0.060496897614228266,701,True,True,unresolved,country_input_proxy,evaluated,0.6724636414678455,0.016128972998140163,0.013936832415529675,-0.002192140582610488,0.02504277666932578,0.022421932882557154,-0.002620843786768627,True,True
1990,process_type,register,country_balanced,286,11,73589945.0,0.040739550151701984,511,True,True,unresolved,country_input_proxy,evaluated,0.4658034954222414,0.011184336515859705,0.00981011265362345,-0.0013742238622362554,0.015517328495393829,0.014232525111370646,-0.0012848033840231823,True,True
1990,process_type,register,row_weighted,286,11,73589945.0,0.040739550151701984,511,True,True,unresolved,country_input_proxy,evaluated,0.5785745623837265,0.011351129704073315,0.010099189445484706,-0.0012519402585886089,0.016496799148819612,0.01576383063953629,-0.0007329685092833209,True,True
1990,recency,post_origin_input,country_balanced,6744,177,1806351438.0,1.0,11785,True,True,unresolved,country_input_proxy,evaluated,0.5265165637921497,0.020178845860542454,0.017093173181886114,-0.0030856726786563406,0.030261144941672702,0.02951134224282601,-0.0007498026988466931,True,True
1990,recency,post_origin_input,row_weighted,6744,177,1806351438.0,1.0,11785,True,True,unresolved,country_input_proxy,evaluated,0.5311636347314372,0.017586112532163044,0.015303704380967762,-0.0022824081511952816,0.025517740348533005,0.022509121290050307,-0.0030086190584826984,True,True
1995,admin_level,admin_0,country_balanced,1,1,77301.0,3.741962535460058e-05,3,True,True,unresolved,country_input_proxy,evaluated,0.891627432055764,0.01827567444626486,0.0022501225335039834,-0.016025551912760876,0.01827567444626486,0.0022501225335039834,-0.016025551912760876,True,True
1995,admin_level,admin_0,row_weighted,1,1,77301.0,3.741962535460058e-05,3,True,True,unresolved,country_input_proxy,evaluated,0.891627432055764,0.01827567444626486,0.0022501225335039834,-0.016025551912760876,0.01827567444626486,0.0022501225335039834,-0.016025551912760876,True,True
1995,admin_level,admin_1,country_balanced,85,18,22541935.0,0.01091202911304845,201,True,True,unresolved,country_input_proxy,evaluated,0.6405865688635529,0.018987019842962697,0.01570683746981415,-0.0032801823731485463,0.02936226079062688,0.023091728369144852,-0.006270532421482029,True,True
1995,admin_level,admin_1,row_weighted,85,18,22541935.0,0.01091202911304845,201,True,True,unresolved,country_input_proxy,evaluated,0.6469064459298197,0.018662294216888458,0.0156981752098456,-0.002964119007042857,0.027365838454530483,0.022174525091291232,-0.005191313363239251,True,True
1995,admin_level,admin_2,country_balanced,1602,72,496454101.0,0.24032194234453677,3966,True,True,unresolved,country_input_proxy,evaluated,0.41771798648270037,0.02044910466753381,0.018079529819514304,-0.0023695748480195046,0.03910760644262935,0.037764051430089776,-0.0013435550125395768,True,True
1995,admin_level,admin_2,row_weighted,1602,72,496454101.0,0.24032194234453677,3966,True,True,unresolved,country_input_proxy,evaluated,0.5881206407870924,0.01369321810866764,0.011384918887999869,-0.0023082992206677703,0.022117565930846506,0.019347764535123765,-0.0027698013957227416,True,True
1995,admin_level,admin_3,country_balanced,2930,60,863633690.0,0.4180650848425151,7401,True,True,unresolved,country_input_proxy,evaluated,0.5044682585657885,0.02034364786496652,0.017383879870636956,-0.002959767994329565,0.03096013434106427,0.02638992990967207,-0.004570204431392201,True,True
1995,admin_level,admin_3,row_weighted,2930,60,863633690.0,0.4180650848425151,7401,True,True,unresolved,country_input_proxy,evaluated,0.4452006793170198,0.013530010229946368,0.01110086392541526,-0.002429146304531107,0.01991469370416976,0.017592097780008552,-0.0023225959241612096,True,True
1995,admin_level,admin_4,country_balanced,2021,17,449254965.0,0.21747393279510221,5466,True,True,unresolved,country_input_proxy,evaluated,0.673856098061536,0.012831973210023983,0.008408748575702911,-0.004423224634321071,0.01751766163803216,0.012272705982807228,-0.005244955655224931,True,True
1995,admin_level,admin_4,row_weighted,2021,17,449254965.0,0.21747393279510221,5466,True,True,unresolved,country_input_proxy,evaluated,0.6709305415916866,0.029813003999303676,0.017688738547492762,-0.012124265451810914,0.03654639758506794,0.021795679123278996,-0.014750718461788943,True,True
1995,admin_level,admin_5,country_balanced,466,8,186812316.0,0.09043151933798083,1046,True,True,unresolved,country_input_proxy,evaluated,0.4480774054520787,0.01765789241671808,0.014800009874264169,-0.0028578825424539125,0.026433501357318364,0.0238198891684824,-0.0026136121888359655,True,True
1995,admin_level,admin_5,row_weighted,466,8,186812316.0,0.09043151933798083,1046,True,True,unresolved,country_input_proxy,evaluated,0.3866814730422316,0.015388742081505162,0.012304550359543098,-0.003084191721962065,0.02309405295925139,0.01964035106254322,-0.0034537018967081695,True,True
1995,admin_level,admin_6,country_balanced,175,3,47013344.0,0.022758071941462066,446,True,True,unresolved,country_input_proxy,evaluated,0.28545610171122177,0.010703772257942756,0.009231256379899855,-0.0014725158780429012,0.016736111585646425,0.014627003535804955,-0.0021091080498414697,True,True
1995,admin_level,admin_6,row_weighted,175,3,47013344.0,0.022758071941462066,446,True,True,unresolved,country_input_proxy,evaluated,0.27452150796601754,0.00880574534404135,0.007515735943394871,-0.0012900094006464786,0.014794706665349721,0.012860574209619306,-0.001934132455730415,True,True
1995,process_type,census,country_balanced,6540,149,1857814639.0,0.8993250769029187,16625,True,True,unresolved,country_input_proxy,evaluated,0.4850713414577577,0.020065997359897076,0.017123798320911467,-0.0029421990389856094,0.0350410291043919,0.03242746245330426,-0.00261356665108764,True,True
1995,process_type,census,row_weighted,6540,149,1857814639.0,0.8993250769029187,16625,True,True,unresolved,country_input_proxy,evaluated,0.5229598460402172,0.018559373060353854,0.013699593345893673,-0.004859779714460182,0.026814883666642825,0.0203288792995998,-0.0064860043670430245,True,True
1995,process_type,estimate,country_balanced,437,19,127780633.0,0.06185564759102355,1107,True,True,unresolved,country_input_proxy,evaluated,0.6992536957363887,0.017996624693242518,0.01386069006668031,-0.0041359346265622075,0.02302040923817687,0.020224274993808248,-0.0027961342443686213,True,True
1995,process_type,estimate,row_weighted,437,19,127780633.0,0.06185564759102355,1107,True,True,unresolved,country_input_proxy,evaluated,0.6447597292093238,0.016321010647494284,0.014030457242450617,-0.0022905534050436677,0.022182495345264053,0.020112109673559638,-0.0020703856717044153,True,True
1995,process_type,register,country_balanced,303,11,80192380.0,0.038819275506057675,797,True,True,unresolved,country_input_proxy,evaluated,0.43504164347114155,0.010249542223793456,0.009369834459654081,-0.0008797077641393754,0.013837943783684208,0.011630102291053922,-0.002207841492630286,True,True
1995,process_type,register,row_weighted,303,11,80192380.0,0.038819275506057675,797,True,True,unresolved,country_input_proxy,evaluated,0.48792695060635666,0.012005593817895548,0.01006570754362714,-0.0019398862742684084,0.01607693221422352,0.012880472980275665,-0.0031964592339478546,True,True
1995,recency,post_origin_input,country_balanced,7280,179,2065787652.0,1.0,18529,True,True,unresolved,country_input_proxy,evaluated,0.4993693277903722,0.019243097431608937,0.0162974362612008,-0.0029456611704081377,0.03301670523015756,0.03048609057579222,-0.00253061465436534,True,True
1995,recency,post_origin_input,row_weighted,7280,179,2065787652.0,1.0,18529,True,True,unresolved,country_input_proxy,evaluated,0.5268340227738664,0.018152235768474117,0.013546348323940312,-0.004605887444533805,0.026196257731923446,0.020029747821914082,-0.006166509910009364,True,True
2000,admin_level,admin_0,country_balanced,1,1,78457.0,3.31215795890994e-05,4,True,True,unresolved,country_input_proxy,evaluated,0.9275981739383518,0.007089481526143537,0.006811080465975816,-0.0002784010601677208,0.007089481526143537,0.006811080465975816,-0.0002784010601677208,True,True
2000,admin_level,admin_0,row_weighted,1,1,78457.0,3.31215795890994e-05,4,True,True,unresolved,country_input_proxy,evaluated,0.9275981739383518,0.007089481526143537,0.006811080465975816,-0.0002784010601677208,0.007089481526143537,0.006811080465975816,-0.0002784010601677208,True,True
2000,admin_level,admin_1,country_balanced,97,18,25725834.0,0.01086047463358221,286,True,True,unresolved,country_input_proxy,evaluated,0.6523704364718104,0.021001850388189452,0.013275735734476173,-0.007726114653713279,0.03367351794140689,0.021051664087876364,-0.012621853853530526,True,True
2000,admin_level,admin_1,row_weighted,97,18,25725834.0,0.01086047463358221,286,True,True,unresolved,country_input_proxy,evaluated,0.6748276124700388,0.01720241545587501,0.013390245439930464,-0.003812170015944546,0.02951390773855185,0.022873496650431258,-0.006640411088120593,True,True
2000,admin_level,admin_2,country_balanced,1800,74,554681987.0,0.23416576696866181,5568,True,True,unresolved,country_input_proxy,evaluated,0.394252090186817,0.01669109157112798,0.012650100630167888,-0.004040990940960092,0.023732452357346844,0.017746532132345248,-0.005985920225001596,True,True
2000,admin_level,admin_2,row_weighted,1800,74,554681987.0,0.23416576696866181,5568,True,True,unresolved,country_input_proxy,evaluated,0.5417471472105565,0.01370910796407379,0.011352534091775314,-0.0023565738722984755,0.021264114493506712,0.018248157555790574,-0.0030159569377161376,True,True
2000,admin_level,admin_3,country_balanced,3316,60,993337100.0,0.4193493737519302,10331,True,True,unresolved,country_input_proxy,evaluated,0.5029442060532628,0.015196732308129728,0.014214621037133496,-0.0009821112709962315,0.022052821403972245,0.02147897900443873,-0.0005738423995335154,True,True
2000,admin_level,admin_3,row_weighted,3316,60,993337100.0,0.4193493737519302,10331,True,True,unresolved,country_input_proxy,evaluated,0.4432716790963174,0.013813121351127219,0.012585968749777595,-0.0012271526013496233,0.019166546413752903,0.017748563107317053,-0.00141798330643585,True,True
2000,admin_level,admin_4,country_balanced,2121,17,535005163.0,0.22585895569399286,7487,True,True,unresolved,country_input_proxy,evaluated,0.6552933783520913,0.01203069225116445,0.009844241498810805,-0.002186450752353644,0.016000184302187612,0.014257514616790016,-0.0017426696853975968,True,True
2000,admin_level,admin_4,row_weighted,2121,17,535005163.0,0.22585895569399286,7487,True,True,unresolved,country_input_proxy,evaluated,0.7874937852380756,0.01276057152283513,0.01928578011596567,0.0065252085931305406,0.01754704395277715,0.031360403407908695,0.013813359455131544,False,False
2000,admin_level,admin_5,country_balanced,534,8,209368726.0,0.08838756161562825,1512,True,True,unresolved,country_input_proxy,evaluated,0.44738047234192635,0.012734391846315102,0.010904170609986361,-0.0018302212363287412,0.02071249633609603,0.01894298879336951,-0.00176950754272652,True,True
2000,admin_level,admin_5,row_weighted,534,8,209368726.0,0.08838756161562825,1512,True,True,unresolved,country_input_proxy,evaluated,0.39961916483230164,0.014799796388370331,0.01292975964284106,-0.0018700367455292705,0.02161922171537082,0.019636814235026,-0.001982407480344818,True,True
2000,admin_level,admin_6,country_balanced,182,3,50560533.0,0.021344745756615557,621,True,True,unresolved,country_input_proxy,evaluated,0.3311507493016331,0.008189257653414028,0.006842622595034334,-0.001346635058379694,0.012153093303063897,0.009980690722873874,-0.002172402580190023,True,True
2000,admin_level,admin_6,row_weighted,182,3,50560533.0,0.021344745756615557,621,True,True,unresolved,country_input_proxy,evaluated,0.3256603101286461,0.0070238614178817745,0.005807084425256138,-0.0012167769926256363,0.011150260338482834,0.009213286445864614,-0.0019369738926182205,True,True
2000,process_type,census,country_balanced,7216,152,2132594841.0,0.9003009260803279,23165,True,True,unresolved,country_input_proxy,evaluated,0.4620017784715687,0.016504008670266922,0.013319762546942285,-0.003184246123324637,0.0243458893742857,0.019837485759110842,-0.004508403615174857,True,True
2000,process_type,census,row_weighted,7216,152,2132594841.0,0.9003009260803279,23165,True,True,unresolved,country_input_proxy,evaluated,0.5690258344806314,0.013474062594798336,0.012952675686769517,-0.0005213869080288192,0.019469425082985808,0.020415860712119326,0.0009464356291335185,True,False
2000,process_type,estimate,country_balanced,505,18,150314344.0,0.06345703389346095,1544,True,True,unresolved,country_input_proxy,evaluated,0.6762276903894826,0.013314503727513818,0.009722800139118646,-0.0035917035883951728,0.0188136341097672,0.01473863506146694,-0.004074999048300261,True,True
2000,process_type,estimate,row_weighted,505,18,150314344.0,0.06345703389346095,1544,True,True,unresolved,country_input_proxy,evaluated,0.6001956349890606,0.014716235752585346,0.01285333589366003,-0.0018628998589253157,0.020740852653349476,0.018512539704438714,-0.002228312948910762,True,True
2000,process_type,register,country_balanced,330,11,85848615.0,0.03624204002621121,1100,True,True,unresolved,country_input_proxy,evaluated,0.45306362170315445,0.010432890389958703,0.00883140640906808,-0.001601483980890623,0.01673715902916778,0.014051325008123396,-0.0026858340210443848,True,True
2000,process_type,register,row_weighted,330,11,85848615.0,0.03624204002621121,1100,True,True,unresolved,country_input_proxy,evaluated,0.5096043211787378,0.01134090917173894,0.00969479139771166,-0.0016461177740272805,0.016452864981747455,0.013723874262990212,-0.0027289907187572435,True,True
2000,recency,post_origin_input,country_balanced,8051,181,2368757800.0,1.0,25809,True,True,unresolved,country_input_proxy,evaluated,0.4742863729893972,0.01581785734400755,0.012737939179977389,-0.00307991816403016,0.023451655032377137,0.01912815283076575,-0.004323502201611387,True,True
2000,recency,post_origin_input,row_weighted,8051,181,2368757800.0,1.0,25809,True,True,unresolved,country_input_proxy,evaluated,0.5688986004033926,0.013464542884833468,0.012813546319419708,-0.0006509965654137601,0.019437687471451786,0.02006324610307959,0.0006255586316278039,True,False
2005,admin_level,admin_0,country_balanced,1,1,82837.0,3.150276050426039e-05,5,True,True,unresolved,country_input_proxy,evaluated,0.8519295089633452,0.005783647842121466,0.008945645757353845,0.003161997915232379,0.005783647842121466,0.008945645757353845,0.003161997915232379,False,False
2005,admin_level,admin_0,row_weighted,1,1,82837.0,3.150276050426039e-05,5,True,True,unresolved,country_input_proxy,evaluated,0.8519295089633455,0.005783647842121466,0.008945645757353847,0.003161997915232381,0.005783647842121466,0.008945645757353847,0.003161997915232381,False,False
2005,admin_level,admin_1,country_balanced,109,18,29697348.0,0.011293847455311954,383,True,True,unresolved,country_input_proxy,evaluated,0.6880000373224573,0.02572890515484656,0.023035392369682443,-0.0026935127851641164,0.04566935829927991,0.048986787455058634,0.003317429155778727,True,False
2005,admin_level,admin_1,row_weighted,109,18,29697348.0,0.011293847455311954,383,True,True,unresolved,country_input_proxy,evaluated,0.6814297033409058,0.018318686278206528,0.017427992257890525,-0.0008906940203160033,0.03516063745897078,0.0383123329068618,0.003151695447891019,True,False
2005,admin_level,admin_2,country_balanced,2007,74,621102942.0,0.23620431969189531,7368,True,True,unresolved,country_input_proxy,evaluated,0.3950014174324749,0.01513408102911168,0.012206899684388633,-0.002927181344723048,0.026242327076068172,0.02188402502559153,-0.004358302050476642,True,True
2005,admin_level,admin_2,row_weighted,2007,74,621102942.0,0.23620431969189531,7368,True,True,unresolved,country_input_proxy,evaluated,0.539673938985887,0.013020029039691692,0.00988699249929438,-0.0031330365403973107,0.0206720271074305,0.016305066369197856,-0.004366960738232645,True,True
2005,admin_level,admin_3,country_balanced,3729,60,1116262111.0,0.4245124514747411,13647,True,True,unresolved,country_input_proxy,evaluated,0.48229055524699405,0.01373149743585626,0.010911111393006294,-0.002820386042849966,0.019038753374688078,0.01587854278055495,-0.003160210594133128,True,True
2005,admin_level,admin_3,row_weighted,3729,60,1116262111.0,0.4245124514747411,13647,True,True,unresolved,country_input_proxy,evaluated,0.43080510306328296,0.012587446303204831,0.010371593243841527,-0.0022158530593633045,0.018229400430486882,0.01581656121486734,-0.002412839215619543,True,True
2005,admin_level,admin_4,country_balanced,2186,18,579264956.0,0.2202934096765809,9608,True,True,unresolved,country_input_proxy,evaluated,0.6234264549094303,0.012100677305105242,0.010409125862138349,-0.0016915514429668935,0.017654676493822442,0.018130825824301262,0.00047614933047882,True,False
2005,admin_level,admin_4,row_weighted,2186,18,579264956.0,0.2202934096765809,9608,True,True,unresolved,country_input_proxy,evaluated,0.5105247291580876,0.011508865481224661,0.009075730926650588,-0.0024331345545740724,0.016801893541451764,0.014852896374531206,-0.0019489971669205582,True,True
2005,admin_level,admin_5,country_balanced,598,8,228116905.0,0.08675244426027161,2046,True,True,unresolved,country_input_proxy,evaluated,0.41406506838053925,0.01175932478010513,0.010071321144217492,-0.001688003635887638,0.02164295872417817,0.019954655160862096,-0.001688303563316073,True,True
2005,admin_level,admin_5,row_weighted,598,8,228116905.0,0.08675244426027161,2046,True,True,unresolved,country_input_proxy,evaluated,0.37456330655438114,0.013234318873192583,0.010272636782115678,-0.002961682091076905,0.023575477963516715,0.020039997947380362,-0.0035354800161363532,True,True
2005,admin_level,admin_6,country_balanced,192,3,54988495.0,0.02091202468069486,803,True,True,unresolved,country_input_proxy,evaluated,0.3639670118337562,0.008322082399577256,0.0061641018446297715,-0.002157980554947485,0.015189701834344186,0.013149314097426937,-0.002040387736917249,True,True
2005,admin_level,admin_6,row_weighted,192,3,54988495.0,0.02091202468069486,803,True,True,unresolved,country_input_proxy,evaluated,0.35743405220286245,0.007586469032907629,0.005716057914749518,-0.0018704111181581107,0.014650463719708491,0.012842835045648782,-0.0018076286740597095,True,True
2005,process_type,census,country_balanced,7892,153,2362284283.0,0.8983724182470089,30381,True,True,unresolved,country_input_proxy,evaluated,0.45576803126058363,0.015718717866863914,0.012795325289903048,-0.0029233925769608666,0.02714525445265595,0.024700561292601942,-0.0024446931600540095,True,True
2005,process_type,census,row_weighted,7892,153,2362284283.0,0.8983724182470089,30381,True,True,unresolved,country_input_proxy,evaluated,0.47473801527109133,0.012463555776141695,0.009934618679725424,-0.002528937096416271,0.01936257153734609,0.01668937045924007,-0.0026732010781060182,True,True
2005,process_type,estimate,country_balanced,581,18,174693490.0,0.06643561665829771,2049,True,True,unresolved,country_input_proxy,evaluated,0.6841226058467057,0.013598222163794684,0.011042216031547656,-0.002556006132247029,0.01807460257595584,0.01445757421725184,-0.003617028358704,True,True
2005,process_type,estimate,row_weighted,581,18,174693490.0,0.06643561665829771,2049,True,True,unresolved,country_input_proxy,evaluated,0.5744268536001508,0.012642827270830742,0.009628210433264362,-0.0030146168375663803,0.017555032323813915,0.013814934833118117,-0.0037400974906957977,True,True
2005,process_type,register,country_balanced,349,11,92537821.0,0.035191965094693405,1430,True,True,unresolved,country_input_proxy,evaluated,0.49391788090621125,0.009076089753453087,0.007939916481500713,-0.0011361732719523746,0.012483734172687165,0.010824824800244484,-0.001658909372442681,True,True
2005,process_type,register,row_weighted,349,11,92537821.0,0.035191965094693405,1430,True,True,unresolved,country_input_proxy,evaluated,0.5272320986537814,0.011156291840287325,0.008483787326562756,-0.002672504513724569,0.015559513948642956,0.011920986712370518,-0.003638527236272438,True,True
2005,recency,estimate_input,country_balanced,80,4,25742633.0,0.009789876530391857,0,True,True,unresolved,country_input_proxy,insufficient_prior_stratum_training,,,,,,,,,
2005,recency,estimate_input,row_weighted,80,4,25742633.0,0.009789876530391857,0,True,True,unresolved,country_input_proxy,insufficient_prior_stratum_training,,,,,,,,,
2005,recency,post_origin_input,country_balanced,8540,163,2538377414.0,0.9653403158330918,33860,True,True,unresolved,country_input_proxy,evaluated,0.4683992365097919,0.013869479467174758,0.010832902886248106,-0.0030365765809266514,0.022434074544944317,0.018344231326045773,-0.004089843218898544,True,True
2005,recency,post_origin_input,row_weighted,8540,163,2538377414.0,0.9653403158330918,33860,True,True,unresolved,country_input_proxy,evaluated,0.4792374192952517,0.0122868624736947,0.009727667472675687,-0.0025591950010190132,0.018800574788506216,0.015907710105196857,-0.002892864683309359,True,True
2005,recency,recent_direct_input,country_balanced,202,15,65395547.0,0.02486980763651634,0,True,True,unresolved,country_input_proxy,insufficient_prior_stratum_training,,,,,,,,,
2005,recency,recent_direct_input,row_weighted,202,15,65395547.0,0.02486980763651634,0,True,True,unresolved,country_input_proxy,insufficient_prior_stratum_training,,,,,,,,,
2010,admin_level,admin_0,country_balanced,1,1,91714.0,3.1656528784764154e-05,6,True,True,unresolved,country_input_proxy,evaluated,0.8275635028887983,0.03170632296983722,0.03671443495376632,0.0050081119839291005,0.03170632296983722,0.03671443495376632,0.0050081119839291005,False,False
2010,admin_level,admin_0,row_weighted,1,1,91714.0,3.1656528784764154e-05,6,True,True,unresolved,country_input_proxy,evaluated,0.8275635028887984,0.03170632296983722,0.03671443495376632,0.0050081119839291005,0.03170632296983722,0.03671443495376632,0.0050081119839291005,False,False
2010,admin_level,admin_1,country_balanced,123,20,35413047.0,0.012223369842245521,492,True,True,unresolved,country_input_proxy,evaluated,0.5887417053823732,0.023500355975596698,0.019360402965114508,-0.00413995301048219,0.0431579684321786,0.04420170934047468,0.0010437409082960786,True,False
2010,admin_level,admin_1,row_weighted,123,20,35413047.0,0.012223369842245521,492,True,True,unresolved,country_input_proxy,evaluated,0.5803607735664905,0.02016845697432953,0.017899778757704363,-0.002268678216625169,0.03691196064916867,0.03869546604637175,0.0017835053972030807,True,False
2010,admin_level,admin_2,country_balanced,2190,75,694160656.0,0.23960046217496528,9375,True,True,unresolved,country_input_proxy,evaluated,0.42202729846474235,0.015362510972410716,0.012170760021205223,-0.003191750951205493,0.025154314266997442,0.02115109980569977,-0.004003214461297672,True,True
2010,admin_level,admin_2,row_weighted,2190,75,694160656.0,0.23960046217496528,9375,True,True,unresolved,country_input_proxy,evaluated,0.5570738429123018,0.012889429627822255,0.00981478791308426,-0.0030746417147379957,0.02029651110672963,0.015844501378588245,-0.004452009728141384,True,True
2010,admin_level,admin_3,country_balanced,4064,61,1240878001.0,0.42830854784479033,17376,True,True,unresolved,country_input_proxy,evaluated,0.48789206694490483,0.015023838707356673,0.0113574217888128,-0.0036664169185438734,0.022770413025668724,0.01921434670932126,-0.003556066316347462,True,True
2010,admin_level,admin_3,row_weighted,4064,61,1240878001.0,0.42830854784479033,17376,True,True,unresolved,country_input_proxy,evaluated,0.4452464844163077,0.01381323831288965,0.011614058774790754,-0.002199179538098896,0.020651416270799975,0.018555001823367896,-0.002096414447432079,True,True
2010,admin_level,admin_4,country_balanced,2234,18,616837980.0,0.21291132509110686,11794,True,True,unresolved,country_input_proxy,evaluated,0.5955413827625085,0.014266179387183185,0.011190929416331355,-0.00307524997085183,0.020916158845937977,0.01751689544598678,-0.0033992633999511968,True,True
2010,admin_level,admin_4,row_weighted,2234,18,616837980.0,0.21291132509110686,11794,True,True,unresolved,country_input_proxy,evaluated,0.5051205683378958,0.013205662892790553,0.012209970799642755,-0.000995692093147798,0.019671175296904445,0.020030959746328094,0.0003597844494236495,True,False
2010,admin_level,admin_5,country_balanced,660,8,249842058.0,0.0862369136742669,2644,True,True,unresolved,country_input_proxy,evaluated,0.40894877598783513,0.014087693840866253,0.011357150285293839,-0.0027305435555724147,0.020864893428481995,0.016429068111570303,-0.004435825316911692,True,True
2010,admin_level,admin_5,row_weighted,660,8,249842058.0,0.0862369136742669,2644,True,True,unresolved,country_input_proxy,evaluated,0.39864511287373056,0.013143938882119793,0.01051104105991816,-0.0026328978222016335,0.020216179735580812,0.01784538159589333,-0.0023707981396874807,True,True
2010,admin_level,admin_6,country_balanced,204,3,59935630.0,0.02068772484384035,995,True,True,unresolved,country_input_proxy,evaluated,0.3997503931809071,0.009185834413927046,0.007686976908339176,-0.0014988575055878695,0.01870152210019329,0.016878124135712335,-0.0018233979644809543,True,True
2010,admin_level,admin_6,row_weighted,204,3,59935630.0,0.02068772484384035,995,True,True,unresolved,country_input_proxy,evaluated,0.392402389291678,0.007810901895973967,0.0065347482347919515,-0.0012761536611820157,0.01781191964817082,0.016159685027119165,-0.001652234621051657,True,True
2010,process_type,census,country_balanced,8449,156,2596412428.0,0.8961925634483435,38273,True,True,unresolved,country_input_proxy,evaluated,0.458925562406996,0.01670453550070763,0.013070495936048877,-0.003634039564658754,0.027808088697049663,0.024731807159196078,-0.0030762815378535847,True,True
2010,process_type,census,row_weighted,8449,156,2596412428.0,0.8961925634483435,38273,True,True,unresolved,country_input_proxy,evaluated,0.48088943068717144,0.013255807601788433,0.011113954314563003,-0.00214185328722543,0.02070843916637614,0.018901372004551862,-0.0018070671618242787,True,True
2010,process_type,estimate,country_balanced,661,19,201196353.0,0.06944608391449582,2630,True,True,unresolved,country_input_proxy,evaluated,0.6682014598510567,0.014172370341133042,0.011485084269330792,-0.0026872860718022504,0.019864902079133953,0.016154941204878974,-0.003709960874254979,True,True
2010,process_type,estimate,row_weighted,661,19,201196353.0,0.06944608391449582,2630,True,True,unresolved,country_input_proxy,evaluated,0.5721098763238168,0.016065325466716598,0.013133417961948873,-0.002931907504767725,0.020694589803021253,0.017064786296418583,-0.0036298035066026704,True,True
2010,process_type,register,country_balanced,366,11,99550305.0,0.034361352637160635,1779,True,True,unresolved,country_input_proxy,evaluated,0.47246121273113145,0.008383966809765676,0.007903180673621371,-0.00048078613614430457,0.012123633481574317,0.011672442715932442,-0.00045119076564187517,True,True
2010,process_type,register,row_weighted,366,11,99550305.0,0.034361352637160635,1779,True,True,unresolved,country_input_proxy,evaluated,0.5555763390155889,0.011009983360077451,0.009675043242053039,-0.001334940118024413,0.01624159409424764,0.014384115670547487,-0.0018574784237001523,True,True
2010,recency,estimate_input,country_balanced,525,14,169071145.0,0.058357563385802974,80,True,True,unresolved,country_input_proxy,evaluated,0.4362518848172153,0.01589280696749181,0.014189989791378943,-0.001702817176112868,0.021721805507116575,0.018788303978339065,-0.0029335015287775094,True,True
2010,recency,estimate_input,row_weighted,525,14,169071145.0,0.058357563385802974,80,True,True,unresolved,country_input_proxy,evaluated,0.4597799218717745,0.01809374588422343,0.0156722003592905,-0.0024215455249329276,0.022282943288272572,0.019028654944127463,-0.0032542883441451093,True,True
2010,recency,post_origin_input,country_balanced,3623,84,1002325198.0,0.3459682979935607,42400,True,True,unresolved,country_input_proxy,evaluated,0.48490768276949126,0.012575490655933198,0.009112969027031678,-0.003462521628901521,0.01846972614358933,0.013883300461484924,-0.004586425682104406,True,True
2010,recency,post_origin_input,row_weighted,3623,84,1002325198.0,0.3459682979935607,42400,True,True,unresolved,country_input_proxy,evaluated,0.48671956027506535,0.012796078606653402,0.010386298753611214,-0.002409779853042188,0.020200330661720514,0.01723295147417133,-0.0029673791875491837,True,True
2010,recency,recent_direct_input,country_balanced,5328,88,1725762743.0,0.5956741386206363,202,True,True,unresolved,country_input_proxy,evaluated,-0.5594474522298527,0.019188246555182573,0.02634951971428452,0.007161273159101946,0.03276760223356997,0.042881272755000366,0.010113670521430397,False,False
2010,recency,recent_direct_input,row_weighted,5328,88,1725762743.0,0.5956741386206363,202,True,True,unresolved,country_input_proxy,evaluated,0.19851167787676882,0.013285987817131369,0.01219271296101168,-0.001093274856119689,0.020612978645894592,0.01957664631277776,-0.0010363323331168302,True,True
2015,admin_level,admin_0,country_balanced,1,1,84073.0,2.6509782869165975e-05,7,True,True,unresolved,country_input_proxy,evaluated,0.6687796270076991,0.01154129191686662,0.009181799763892003,-0.002359492152974617,0.01154129191686662,0.009181799763892003,-0.002359492152974617,True,True
2015,admin_level,admin_0,row_weighted,1,1,84073.0,2.6509782869165975e-05,7,True,True,unresolved,country_input_proxy,evaluated,0.6687796270076992,0.01154129191686662,0.009181799763892006,-0.0023594921529746134,0.01154129191686662,0.009181799763892006,-0.0023594921529746134,True,True
2015,admin_level,admin_1,country_balanced,138,20,40987737.0,0.012924196926105651,615,True,True,unresolved,country_input_proxy,evaluated,0.48546507674865463,0.024430184410702837,0.020896372326903855,-0.0035338120837989824,0.037128296015619164,0.0339925232189345,-0.0031357727966846646,True,True
2015,admin_level,admin_1,row_weighted,138,20,40987737.0,0.012924196926105651,615,True,True,unresolved,country_input_proxy,evaluated,0.4725517449572648,0.022982861838007334,0.020988720337266852,-0.0019941415007404817,0.03402113619047575,0.032713224335530235,-0.001307911854945512,True,True
2015,admin_level,admin_2,country_balanced,2369,75,775490112.0,0.24452647682734294,11565,True,True,unresolved,country_input_proxy,evaluated,0.42602943533779647,0.022727245157436068,0.020761107651851584,-0.0019661375055844837,0.037160086922413876,0.03363801898012456,-0.0035220679422893197,True,True
2015,admin_level,admin_2,row_weighted,2369,75,775490112.0,0.24452647682734294,11565,True,True,unresolved,country_input_proxy,evaluated,0.5667002334413059,0.017082669327309497,0.014802246921355707,-0.0022804224059537904,0.025891155853259174,0.022594891950668668,-0.0032962639025905065,True,True
2015,admin_level,admin_3,country_balanced,4261,61,1352531661.0,0.426478425377736,21440,True,True,unresolved,country_input_proxy,evaluated,0.5323711062501011,0.01964706120423787,0.015532022022021126,-0.004115039182216744,0.028681786006263928,0.02640287845387426,-0.002278907552389669,True,True
2015,admin_level,admin_3,row_weighted,4261,61,1352531661.0,0.426478425377736,21440,True,True,unresolved,country_input_proxy,evaluated,0.4536219363271939,0.01790334664408668,0.015495317683257131,-0.002408028960829549,0.02700798477134067,0.02417870943465913,-0.0028292753366815394,True,True
2015,admin_level,admin_4,country_balanced,2269,18,662086443.0,0.2087681877005511,14028,True,True,unresolved,country_input_proxy,evaluated,0.6064192938484618,0.014464558746101962,0.011547150747544609,-0.0029174079985573535,0.02132849283408914,0.018830768733192723,-0.002497724100896416,True,True
2015,admin_level,admin_4,row_weighted,2269,18,662086443.0,0.2087681877005511,14028,True,True,unresolved,country_input_proxy,evaluated,0.484146360206514,0.01648889526052581,0.01239466527951052,-0.004094229981015289,0.02147714394815722,0.016412231250797524,-0.005064912697359696,True,True
2015,admin_level,admin_5,country_balanced,738,8,275140797.0,0.08675701814993247,3304,True,True,unresolved,country_input_proxy,evaluated,0.43234984048617625,0.012539878247313192,0.0097549376487337,-0.002784940598579491,0.017979666374661907,0.014483024784401775,-0.0034966415902601324,True,True
2015,admin_level,admin_5,row_weighted,738,8,275140797.0,0.08675701814993247,3304,True,True,unresolved,country_input_proxy,evaluated,0.39155622839237764,0.012913959694158548,0.010694663694466642,-0.0022192959996919052,0.01897798421875603,0.01709151202432312,-0.001886472194432911,True,True
2015,admin_level,admin_6,country_balanced,214,3,65074447.0,0.020519185235462624,1199,True,True,unresolved,country_input_proxy,evaluated,0.42074501753194266,0.010681012854435915,0.009447188594585843,-0.0012338242598500717,0.014940087376212594,0.013793200882867498,-0.0011468864933450954,True,True
2015,admin_level,admin_6,row_weighted,214,3,65074447.0,0.020519185235462624,1199,True,True,unresolved,country_input_proxy,evaluated,0.40960069184230463,0.009253120202401129,0.008426174702103767,-0.0008269455002973616,0.014149993157698671,0.013135701498756298,-0.0010142916589423734,True,True
2015,process_type,census,country_balanced,8884,155,2834462345.0,0.893758772932773,46722,True,True,unresolved,country_input_proxy,evaluated,0.46422091353391065,0.020511811327308622,0.01743856972536458,-0.003073241601944044,0.032722041695475726,0.02942454869809775,-0.0032974929973779744,True,True
2015,process_type,census,row_weighted,8884,155,2834462345.0,0.893758772932773,46722,True,True,unresolved,country_input_proxy,evaluated,0.4744046105117308,0.016668289561931435,0.013868901548363396,-0.002799388013568039,0.024752388924664772,0.021480853978595525,-0.003271534946069247,True,True
2015,process_type,estimate,country_balanced,727,20,229160718.0,0.07225864280235242,3291,True,True,unresolved,country_input_proxy,evaluated,0.6733997058342545,0.024298326293084788,0.02058384127199683,-0.0037144850210879578,0.034289871303648245,0.03192648080389817,-0.0023633904997500746,True,True
2015,process_type,estimate,row_weighted,727,20,229160718.0,0.07225864280235242,3291,True,True,unresolved,country_input_proxy,evaluated,0.5916667894144351,0.02233831430803814,0.019291372481884225,-0.003046941826153917,0.030012850051502483,0.02675793896981495,-0.0032549110816875344,True,True
2015,process_type,register,country_balanced,379,11,107772207.0,0.03398258426487468,2145,True,True,unresolved,country_input_proxy,evaluated,0.45694598565201383,0.011871449161295832,0.011788470143449298,-8.297901784653366e-05,0.017619282585126055,0.018306575850895044,0.0006872932657689887,True,False
2015,process_type,register,row_weighted,379,11,107772207.0,0.03398258426487468,2145,True,True,unresolved,country_input_proxy,evaluated,0.5428476557831071,0.011981831836424074,0.011780058347202525,-0.00020177348922154927,0.017295992834244357,0.016658531816534337,-0.0006374610177100198,True,True
2015,recency,estimate_input,country_balanced,727,20,229160718.0,0.07225864280235242,605,True,True,unresolved,country_input_proxy,evaluated,0.7193524806893375,0.024298326293084788,0.020397934552145936,-0.0039003917409388515,0.034289871303648245,0.031986510521695946,-0.002303360781952299,True,True
2015,recency,estimate_input,row_weighted,727,20,229160718.0,0.07225864280235242,605,True,True,unresolved,country_input_proxy,evaluated,0.6332492026643307,0.02233831430803814,0.019160072733369185,-0.0031782415746689566,0.030012850051502483,0.0266986975406926,-0.0033141525108098847,True,True
2015,recency,recent_direct_input,country_balanced,9125,158,2906921557.0,0.9166065121236054,5530,True,True,unresolved,country_input_proxy,evaluated,0.3922753823629201,0.01959500479430092,0.01686936448380121,-0.0027256403104997107,0.031564750210937624,0.02831721021831749,-0.0032475399926201326,True,True
2015,recency,recent_direct_input,row_weighted,9125,158,2906921557.0,0.9166065121236054,5530,True,True,unresolved,country_input_proxy,evaluated,0.3482591520473393,0.01640671377917769,0.014214846272417184,-0.002191867506760507,0.02436472941014875,0.021507708804453882,-0.0028570206056948676,True,True
2015,recency,stale_direct_input,country_balanced,138,8,35312995.0,0.011134845074042126,0,True,True,unresolved,country_input_proxy,insufficient_prior_stratum_training,,,,,,,,,
2015,recency,stale_direct_input,row_weighted,138,8,35312995.0,0.011134845074042126,0,True,True,unresolved,country_input_proxy,insufficient_prior_stratum_training,,,,,,,,,
