path,sha256,canonical_sha256,rows,columns,code_commit,environment_lock_sha256,source_manifest_sha256,generation_command
outputs/wup2018_vintage_country_bootstrap.csv,004e5c1bed5a2b8fd494456eaad80deb7b077368daf57043cd9c1b31c51fcf44,2edc7ab3453542ae19db06e1cae6656379f2a12b121e7b9390a869ceb9d1c452,60,15,0c20539d810fd43054a0886178adb58a5c04eb4d,18f159e52bb0c52ed234a48115f85ceeab7fe5b3c84e709f1cdb7cee052c6a0b,0981484a7a3fbe9cb6d668331d60a13986d752aca98ee75e602929816e161de6,uv run --locked python scripts/run_wup2018_vintage.py
outputs/wup2018_vintage_country_coverage.csv,764943e875b2dc2d6e8b4faa7f2acb54fdb584f60cfdee7b051f54c4b9148d21,3ff9630a012ab1c3fc3b6ede845f6819eba87778fdf5acf57ed9630b0f1f7263,154,6,0c20539d810fd43054a0886178adb58a5c04eb4d,18f159e52bb0c52ed234a48115f85ceeab7fe5b3c84e709f1cdb7cee052c6a0b,0981484a7a3fbe9cb6d668331d60a13986d752aca98ee75e602929816e161de6,uv run --locked python scripts/run_wup2018_vintage.py
outputs/wup2018_vintage_country_influence.csv,d55cdcbffd8056bc8e89dcb0d70b1d97bb70834073b19ce06f27a8dae53185f1,ce66e86fe058e92916f4f9d2bbc8e5c8ab4064375afb904fae4e428f81b7a3f0,141,6,0c20539d810fd43054a0886178adb58a5c04eb4d,18f159e52bb0c52ed234a48115f85ceeab7fe5b3c84e709f1cdb7cee052c6a0b,0981484a7a3fbe9cb6d668331d60a13986d752aca98ee75e602929816e161de6,uv run --locked python scripts/run_wup2018_vintage.py
outputs/wup2018_vintage_country_weighting.csv,93beaf637c6c0fe141538828d66e994861f5b545b5eb6e4ea3d1a907be692dc5,7e4775a446a289dfd60df533f9b6196972e618e26af719dcb96eccb9c9a003ac,1,16,0c20539d810fd43054a0886178adb58a5c04eb4d,18f159e52bb0c52ed234a48115f85ceeab7fe5b3c84e709f1cdb7cee052c6a0b,0981484a7a3fbe9cb6d668331d60a13986d752aca98ee75e602929816e161de6,uv run --locked python scripts/run_wup2018_vintage.py
outputs/wup2018_vintage_crosswalk.csv,0fa237fa979af9867e644918f4d88aee516e30d1d8bde86b454de43cdda53dfd,648f10dde4351fd937bcfac950d024008ec708c7e98d31eb079d61b7bc8d5615,1710,7,0c20539d810fd43054a0886178adb58a5c04eb4d,18f159e52bb0c52ed234a48115f85ceeab7fe5b3c84e709f1cdb7cee052c6a0b,0981484a7a3fbe9cb6d668331d60a13986d752aca98ee75e602929816e161de6,uv run --locked python scripts/run_wup2018_vintage.py
outputs/wup2018_vintage_match_coverage.csv,884fc71536d2b4eb30c2acda6b9295e0011ff174b5e8bb655de39b260381423f,365d1fdb71d73a159b2b9c35adba190db75ab49231203d0ff88952da3bc7a341,4,10,0c20539d810fd43054a0886178adb58a5c04eb4d,18f159e52bb0c52ed234a48115f85ceeab7fe5b3c84e709f1cdb7cee052c6a0b,0981484a7a3fbe9cb6d668331d60a13986d752aca98ee75e602929816e161de6,uv run --locked python scripts/run_wup2018_vintage.py
outputs/wup2018_vintage_metrics.csv,141633905c5cd958107f82cdb6538330c026af2283d22914fd2b03ebcbe34d76,a7ce88da9bb80e2bf383bb3f9b45a1ebd60956a63eb060963577dca219a072e9,180,15,0c20539d810fd43054a0886178adb58a5c04eb4d,18f159e52bb0c52ed234a48115f85ceeab7fe5b3c84e709f1cdb7cee052c6a0b,0981484a7a3fbe9cb6d668331d60a13986d752aca98ee75e602929816e161de6,uv run --locked python scripts/run_wup2018_vintage.py
outputs/wup2018_vintage_revision_decomposition.csv,e1e24d6d21a618669a337cf53535ee4c4feab940484513e51135df353db12cde,52baa8f2f5384956679c42765bb5b941db9b94627c01ab65cf7281be341907b2,7577,19,0c20539d810fd43054a0886178adb58a5c04eb4d,18f159e52bb0c52ed234a48115f85ceeab7fe5b3c84e709f1cdb7cee052c6a0b,0981484a7a3fbe9cb6d668331d60a13986d752aca98ee75e602929816e161de6,uv run --locked python scripts/run_wup2018_vintage.py
outputs/wup2018_vintage_revision_decomposition_summary.csv,201e46c73ad187af44b7cdfb7908b18aeebddfe768df609831cd9d92ca843f31,6db6a18bf64ae43f5a407817f8c7fd75a625a02bab7dd6f81b933d19edb61fc2,5,14,0c20539d810fd43054a0886178adb58a5c04eb4d,18f159e52bb0c52ed234a48115f85ceeab7fe5b3c84e709f1cdb7cee052c6a0b,0981484a7a3fbe9cb6d668331d60a13986d752aca98ee75e602929816e161de6,uv run --locked python scripts/run_wup2018_vintage.py
